#
# This is SubGit authors mapping file.
# Authors mapping is used to map Subversion committers names to Git committers names and vice versa.
#
# This file uses git-svn format, as described at 'http://www.kernel.org/pub/software/scm/git/docs/git-svn.html'
# and consists of the lines in the following format:
#
# svnUser = Git User <user@example.com>
# 

ajanthan = Balachandiran Ajanthan <balaajanthan@gmail.com>
aaisen = Adam Aisen <adam@ifobos.com>
achi@pih.org = Andrew Chi <achi@pih.org>
agjendem = Anders Gjendem <anders@gjendem.net>
Agnor = João Portela <joao.portela@gmail.com>
ajanthan = Bala Ajanthan <balaajanthan@gmail.com>
akollegger = Andreas Kollegger <akollegger@gmail.com>
amoga = Amoga N <amogakmit@gmail.com>
amrasarfeiniel = Michael Justin Harris <mjharris@stanford.edu>
Anders = Anders Gjendem <anders@gjendem.net>
anerd10950= Alex Hieronymi <alex@ph3k.com>
apoulet = Antoine Poulet <apoulet@free.fr>
arahulkmit = Rahul Akula <arahulkmit@gmail.com>
astelmashenko = Andrey Mashenko <inexacts@gmail.com>
athorson = Andy Thorson <andyt@webreachinc.com>
b-i = Mathieu Dinel <Mathieu.Dinel@b-i.com>
ball = Ellen Ball <eball@pih.org>
ben.rukundo = Benjamin Rukundo <ben.rukundo@yahoo.fr>
bhsiung = Bob Hsiung <tallbob@gmail.com>
blerner = Barbara Lerner <blerner@mtholyoke.edu>
blimketkai = Benson Limketkai <bensonl@cs.washington.edu>
bmamlin = Burke Mamlin <burke@openmrs.org>
bmckown = Brian McKown <bmckown@regenstrief.org>
bobj = Bob Jolliffe <bobjolliffe@gmail.com>
boycer = Richard Boyce <boycer@u.washington.edu>
bryq = Piotr Bryk <bryq@openmrs.org>
burke = Burke Mamlin <burke@openmrs.org>
bwolfe = Ben Wolfe <ben@openmrs.org>
callen = Christian Allen <christian.allen@gmail.com>
carl = Carl Fourie <carl@jembi.org>
catechu = Saketh Bhamidipati <saketh.bhamidipati@gmail.com>
catullus = Chase Yarbrough <vergil@gmail.com>
chuyennm = Chuyen Nguyen Manh <chuyennmth@gmail.com>
chenhf = Fred Chen <chenhaifei@gmail.com>
chuyennm = Chuyen Nguyen Manh <chuyennmth@gmail.com>
cioan = Cosmin Ioan <cioan@pih.org>
clark = Clark Freifeld <clarkf@mit.edu>
cneumann = Carsten Neumann <cneumann@gmail.com>
cristian.chircu = Cristian Chircu <cristian.chircu@gmail.com>
cta = Taras Chorney <chornytaras@gmail.com>
czakian = Chris Zakian <czakian@indiana.edu>
Daniel.futerman = Daniel Futerman <daniel.futerman@gmail.com>
darius = Darius Jazayeri <jazayeri@alum.mit.edu>
Dawang = BlackKnight <wwwwar3com@gmail.com>
dcjm = David Matthews <david.matthews@prolingua.co.uk>
ddejager = Dirk De Jager <dirkdejager@gmail.com>
deriggi = John DeRiggi <john.deriggi@gmail.com>
deuts20h = Hannah Deutsch <deuts20h@mtholyoke.edu>
dieterichlawson = Dieterich Lawson <dieterich.lawson@gmail.com>
djazayeri = Darius Jazayeri <jazayeri@alum.mit.edu>
djmlog103 = Dilupa Munindradasa <djmlog103@gmail.com>
dkayiwa = Daniel Kayiwa <dkayiwa@openmrs.org>
dthomas = David Thomas <pihdave@gmail.com>
dupuyrony = Dupuy Rony Charles <dupuyrony@hotmail.com>
duwamahoro = Diane Uwamahoro <diane.uwamahoro@gmail.com>
eurico.jose = Eurico Jose <pctjose@gmail.com>
EClaesson = Emanuel Claesson <emanuel.claesson@gmail.com>
ehorstkotte = Erik Horstkotte <erikh@mirthcorp.com>
ena = Jelena Skorucak <skorucak@gmail.com>
fbuonaro = Frank Buonaro <fbuonaro@gmail.com>
finbrain = Michael Aro <finbrein@gmail.com>
firzhan = Firzhan Naqash <firzhan007@gmail.com>
fiston = Fiston <nicfis@gmail.com>
frosemond = Felicia Rosemond <frosemond@gmail.com>
gakyves = Gak Yves <gakyves@gmail.com>
gauravpaliwal = Gaurav Paliwal <gaurav.paliwal1989@gmail.com>
gauthamikmit = Gauthami Pingili <gauthamikmit@gmail.com>
gbalaji = Balaji G <gbalaji@thoughtworks.com>
gcapalbo = Giovanni Capalbo <Giovanni.Capalbo@trincoll.edu>
gmccallum = Glen McCallum <mcglen@gmail.com>
gneza = Neza Guillaine <gneza1@gmail.com>
goutham = Goutham Vasireddi VLN <goutham.vasireddi@gmail.com>
gwarren = Greg Warren <grwarren@thoughtworks.com>
hablutzel1 = Jaime Hablutzel <hablutzel1@gmail.com>
hannes = Hannes Venter <venterh@gmail.com>
harshadura = Harsha Siriwardena <harshadura@gmail.com>
Harsha.cse = Harsha Halgaswatta <harsha.halgaswatta@gmail.com>
harshinigudiwada = Harshini Gudiwada <harshinikmit@gmail.com>
hrodrigues = Hugo Rodrigues <haa.rodrigues@gmail.com>
hxiao = Hui Xiao <hxiao@regenstrief.org>
iasangansi = Ime Asangansi <asangansi@yahoo.com>
isharapremadasa = Ishara Premadasa <idpremadasa@gmail.com>
jberchmas = Jean Berchmas Ndikubwimana <berchmas100@gmail.com>
jblaya = Joaquin Blaya <jblaya@ehs.cl>
jeffrafter = Jeff Rafter <jeffrafter@gmail.com>
jegg = James Egg <jegg@regenstrief.org>
jeremy = Jeremy Keiper <jeremy@openmrs.org>
jkeiper = Jeremy Keiper <jeremy@openmrs.org>
jmiranda = Justin Miranda <jcm62@columbia.edu>
jordan9481 = Jordan Kellerstrass <jordankellerstrass@gmail.com>
jportela = João Portela <joao.portela@gmail.com>
jriley = Janet Riley <jriley@runningwave.net>
justin = Justin Miranda <justin.miranda@gmail.com>
kishoreyekkanti = Kishore Kumar Yekkanti <kishoreyekkanti@gmail.com>
lara.kellett = Lara Kellett <kellett@pih.org>
luzhuangwei = Lu Zhuangwei <luzhuangwei@gmail.com>
maltef = Malte Friese <Malte-Friese@web.de>
marioareias = Mário Areias <mariossareias@gmail.com>
mathias.lin = Mathias Lin <mail@mathiaslin.com>
mblanchette = Matthew Blanchette <matt.blanchette@gmail.com>
mcunderlik = Maros <maros6677@gmail.com>
mharrison = Marc Harrison <marc.harrison@gmail.com>
mikele = Citigo <giang.nguyen@citigo.net>
misha680 = Misha Koshelev <misha680@gmail.com>
mogoodrich = Mark Goodrich <mgoodrich@pih.org>
mseaton = Michael Seaton <mseaton@pih.org>
mvorobey = Mykola Vorobey <vorobeymykola@gmail.com>
nimanthab = Nimantha Baranasuriya <me@nimantha.info>
nlesh = Neal Lesh <neal.lesh@gmail.com>
nribeka = Nyoman Ribeka <nyoman@openmrs.org>
nyoman = Nyoman Ribeka <nyoman@openmrs.org>
nzeyi = Antoine Nzeyimana <anthonzeyi@gmail.com>
Pascal = Pascal Brandt <psbrandt@gmail.com>
pbiondich = Paul Biondich <paul@openmrs.org>
peichenauer = Peter Eichenauer <puropei@gmail.com>
r.friedman = Roger Friedman <r.friedman@mindspring.com>
r0bby = Robby O'Connor <robby.oconnor@gmail.com>
raff = Rafal Korytkowski <rafal@openmrs.org>
rcrichton = Ryan Chrichton <rg.crichton@gmail.com>
rcuckovich = Rita Cukovich <rcuckovich@hotmail.com>
rowanseymour = Rowan Seymour <rowanseymour@gmail.com>
rramos = Roberto Ramos <rramos@lebox.com>
rseymour = Rowan Seymour <rowanseymour@gmail.com>
rubailly = Bailly Rurangirwa <rubailly@gmail.com>
sashrika = Sashrika Waidyarathna <sashiwaidyarathna@gmail.com>
sgithens = Steven Githens <swgithen@mtu.edu>
sjmckee = Steve McKee <sjmckee@iupui.edu>
slorenz = Stephen Lorenz <stephen.lorenz@gmail.com>
snoppy = Dmitry Krivenko <dmitrykrivenko@gmail.com>
stephenlorenz = Stephen Lorenz <stephen.lorenz@gmail.com>
surangak = Suranga Nath Kasthurirathne <surangakas@gmail.com>
sunbiz = Saptarshi Purkayastha <sunbiz@gmail.com>
sthaiya = Samuel Mbugua <sthaiya@hotmail.com>
syhaas = Sy Haas <syhaas@gmail.com>
tmdugan = Tammy Dugan <tmdugan@iupui.edu>
upul = Upul Godage <uigodage@gmail.com>
vanand = Vibha Anand <vanand@iupui.edu>
vchircu = Victor Chircu <vchircu@openmrs.org>
vdgreat = Agrawal, Vinit <Vinit.Agrawal@trincoll.edu>
vietnguyen = Viet Nguyen <phamquocviet@gmail.com>
vmitrovic = Vladamir Mitrovich (Владимир Митровић) <snipe714@gmail.com>
wchelliah = Wayne Chelliah <wayne.chelliah@gmail.com>
wyclif = Wyclif Luyima <wyclif@openmrs.org>
yaak = Yaa Asantewaa Appiah Korang <appia20y@mtholyoke.edu>
yanokwa = Yaw Anokwa <yanokwa@gmail.com>
zabilcm = Zabil <zabilcm@gmail.com>
zachelko = Zach Elko <zachelko@gmail.com>